<?xml version="1.0" encoding="UTF-8" standalone="yes"?>
<addon id="plugin.video.gridironlegends" name="[COLOR gold]Gridiron Legends[/COLOR]" version="4.00.002" provider-name="Chief Osceola">
  <requires>
	<import addon="xbmc.python" version="2.1.0"/>
	<import addon="script.module.simplejson"/>
	<import addon="script.common.plugin.cache"/>
	<import addon="script.module.metahandler"/>
	<import addon="script.module.requests"/>
	<import addon="script.module.beautifulsoup4" />
	<import addon="script.module.html5lib" />
	<import addon="script.module.resolveurl" />
  </requires>
  <extension point="xbmc.python.pluginsource" library="default.py">
	<provides>video</provides>
  </extension>
  <extension point="xbmc.addon.metadata">
	<summary lang="en">All-Around Sports Addon</summary>
	<description lang="en">The author is not responsible for the use of this addon. The author is not responsible for the content found using this addon. The author does not host or own any content found within this addon.[CR]The author is in no way affiliated with Kodi, Team Kodi, or the XBMC Foundation.[CR]This is a Non-profit resource, organized solely for educational purposes which is protected under the Fair-Use doctrine of the Copyright Act, Specifically section 107, which does promote freedom of expression, by permitting the unlicensed use of copyright-protected works.</description>
	<platform>all</platform>
  </extension>
</addon>