<?xml version="1.0" encoding="UTF-8" standalone="yes"?>
<addon id="plugin.program.LogPopup"
	   name="Log popup"
	   version="1.0.6"
	   provider-name="Ebs">
  <requires>
    <import addon="xbmc.python" version="2.1.0"/>
	<import addon="script.module.pyxbmct" version="1.1.4"/>
  </requires>
  <extension point="xbmc.service" library="service.py" start="login"></extension>
  <extension point="xbmc.python.pluginsource" library="default.py">
    <provides>executable</provides>
  </extension>
  <extension point="xbmc.addon.metadata">
    <summary lang="he">Much better Log popup</summary>
    <description lang="he">Much better Log popup</description>
    <platform>all</platform>
  </extension>
</addon>