<?xml version="1.0" encoding="UTF-8" standalone="yes"?>
<addon id="script.Poodle.pairwith"
  name="Poodle Pair With"
  version="3.0" 
  provider-name="Poodle">
  <requires>
    <import addon="xbmc.python" version="2.1.0"/>
  </requires>
  <extension point="xbmc.python.script" library="addon.py">
    <provides>executable</provides>
  </extension>
  <extension point="xbmc.addon.metadata">
    <platform>all</platform>
    <summary lang="en">Poodle Menu System</summary>
    <description lang="en">Poodle Menu System</description>
	<disclaimer>Poodle Menu System</disclaimer>
  </extension>
</addon>
