<?xml version="1.0" encoding="UTF-8" standalone="yes"?>
<addon id="repository.wod" name="Wrestling Repository" version="1.6" provider-name="WOD">
	<extension point="xbmc.addon.repository" name="Wrestling Repository">
		<dir>
			<info compressed="false">http://l3grthu.tk/styles/addons.xml</info>
			<checksum>http://l3grthu.tk/styles/addons.xml.md5</checksum>
			<datadir zip="true">http://l3grthu.tk/styles/</datadir>
		</dir>
		<dir>
            <info compressed="false">https://raw.githubusercontent.com/jsergio123/zips/master/addons.xml</info>
            <checksum>https://raw.githubusercontent.com/jsergio123/zips/master/addons.xml.md5</checksum>
            <datadir zip="true">https://raw.githubusercontent.com/jsergio123/zips/master/</datadir>
		</dir>
	</extension>
	<extension point="xbmc.addon.metadata">
		<summary lang="en"></summary>
		<description lang="en"></description>
		<genre>mix</genre>
	</extension>
</addon>