<?xml version="1.0" encoding="UTF-8"?>
<addon id="Elementum.Unofficial.Repository" name="Elementum Unofficial Repository" version="1.0.0" provider-name="Elementum Unofficial">
    <requires>
        <import addon="xbmc.addon" version="12.0.0"/>
    </requires>
    <extension point="xbmc.addon.repository" name="Elementum Unofficial Repository">
        <dir>
            <info compressed="false">https://wolf.seedhost.eu/kcat2/Repo/zips3/addons.xml</info>
            <checksum>https://wolf.seedhost.eu/kcat2/Repo/zips3/addons.xml.md5</checksum>
            <datadir zip="true">https://wolf.seedhost.eu/kcat2/Repo/zips3/</datadir>
        </dir>
    </extension>
    <extension point="xbmc.addon.metadata">
        <summary lang="en"></summary>
        <description lang="en"></description>
        <disclaimer lang="en"></disclaimer>
        <platform>all</platform>
        <assets>
            <icon>icon.png</icon>
            <fanart>fanart.jpg</fanart>
        </assets>
        <news></news>
    </extension>
</addon>